Bellevue,Chemin de la Chênaie,113,,1293
Chancy,Route de Bellegarde,105,,1284
Plan-les-Ouates,Route de Saconnex-d'Arve,107,A,1228
Collonge-Bellerive,Chemin de la Gabiule,100,,1245
Plan-les-Ouates,Route de Saconnex-d'Arve,162,,1228
Meyrin,Avenue de Mategnin,101,,1217
Cologny,Chemin Frank- THOMAS,104,,1223
Bernex,Rue de Bernex,371,,1233
Onex,Chemin des Verjus,138,,1212
Veyrier,Route de Veyrier,148,F,1234
Onex,Chemin François- CHAVAZ,117,A,1213
Bernex,Route de Soral,124,,1233
Plan-les-Ouates,Route de Saconnex-d'Arve,106,,1228
Vernier,Route de Meyrin,123,,1219
Genthod,Route de Lausanne,347,,1293
Hermance,Route d' Hermance,469,,1248
Pregny-Chambésy,Route de Lausanne,280,,1292
Corsier GE,Route de Thonon,274,,1246
Chancy,Route de Chancy,500,,1284
Satigny,Route du Mandement,115,,1242
Collonge-Bellerive,Route de La-Capite,151,,1222
Genève-Eaux-Vives,Rue des Eaux-Vives,118,,1207
Collex-Bossy,Route de Collex,126,A,1239
Hermance,Route d' Hermance,479,,1248
Russin,Route du Mandement,336,,1281
Jussy,Route de Jussy,294,,1254
Meinier,Route de Meinier,159,,1252
Avully,Route de Chancy,412,,1237
Bernex,Chemin des Curiades,143,,1233
Plan-les-Ouates,Route de Saint-Julien,103,,1228
Vernier,Route de Vernier,185,,1214
Cartigny,Chemin du Moulin-de-Vert,200,,1236
Satigny,Route du Mandement,233,,1242
Anières,Route d' Hermance,378,,1247
Vandoeuvres,Chemin des Hauts-Crêts,114,A,1253
Avusy,Route de Chancy,401,,1236
Satigny,Route du Mandement,110,,1242
Veyrier,Route de Veyrier,140,A,1234
Vandoeuvres,Route de Vandoeuvres,107,,1253
Anières,Route d' Hermance,290,,1247
Bardonnex,Route des Hospitaliers,127,,1257
Satigny,Route du Mandement,243,,1242
Chêne-Bougeries,Route de Florissant,119,B,1231
Bardonnex,Route des Hospitaliers,101,,1257
Choulex,Route de Choulex,141,,1244
Veyrier,Route du Pas-de-l'Echelle,109,,1255
Avusy,Route des Allues,118,,1285
Bellevue,Route de Colovrex,104,,1293
Veyrier,Chemin des Marais,161,C,1255
Bernex,Rue de Bernex,297,,1233
Avusy,Route des Allues,120,,1285
Veyrier,Chemin des Rasses,111,,1255
Corsier GE,Route de Thonon,251,,1246
Plan-les-Ouates,Route de Saint-Julien,197,A,1228
Versoix,Route de Suisse,104,,1290
Anières,Route d' Hermance,341,,1247
Corsier GE,Route d' Hermance,239,A,1246
Genève-Petit-Saconnex,Rue de Lausanne,109,,1202
Anières,Route d' Hermance,381,,1247
Veyrier,Chemin de Chantefleur,101,,1234
Veyrier,Chemin des Bûcherons,104,,1234
Plan-les-Ouates,Route de Saint-Julien,167,D,1228
Corsier GE,Route de Thonon,266,,1246
Versoix,Route de l' Etraz,136,,1290
Collonge-Bellerive,Route d' Hermance,114,A,1245
Collonge-Bellerive,Route de La-Capite,151,A,1222
Onex,Chemin François- CHAVAZ,106,,1213
Meyrin,Chemin du Vieux-Bureau,119,,1217
Hermance,Route de Chevrens,270,,1248
Gy,Route de Gy,167,,1251
Vernier,Route de Canada,102,A,1214
Dardagny,Route du Mandement,539,,1283
Bernex,Promenade de l' Aire,120,,1233
Bardonnex,Route d' Annecy,213,,1257
Chêne-Bougeries,Chemin De-LA-MONTAGNE,152,BIS,1224
Chêne-Bougeries,Route de Malagnou,215,,1224
Lancy,Route du Grand-Lancy,104,A,1212
Vandoeuvres,Chemin des Hauts-Crêts,106,,1253
Bardonnex,Route d' Annecy,237,,1257
Plan-les-Ouates,Route de Saint-Julien,114,,1228
Vernier,Route d' Aïre,175,,1219
Meinier,Route de Meinier,132,,1252
Dardagny,Route du Mandement,548,,1283
Anières,Route d' Hermance,361,,1247
Gy,Route de Gy,128,,1251
Anières,Route de Veigy,123,,1251
Veyrier,Chemin des Bûcherons,122,,1234
Thônex,Chemin du Petit-Bel-Air,125,,1226
Anières,Route d' Hermance,411,C,1247
Corsier GE,Route de Thonon,264,,1246
Cologny,Chemin de Ruth,122,C,1223
Satigny,Route du Mandement,116,,1242
Confignon,Chemin des Verjus,145,,1232
Collonge-Bellerive,Route de La-Capite,183,A,1222
Genève-Eaux-Vives,Rue des Eaux-Vives,102,,1207
Bernex,Route de Lully,133,,1233
Onex,Route de Chancy,155,,1213
Dardagny,Route du Mandement,453,,1283
Anières,Route d' Hermance,326,,1247
Dardagny,Route du Mandement,450,,1283
Bernex,Rue de Bernex,264,,1233
Thônex,Rue de Genève,127,,1226
Hermance,Route de Chevrens,246,,1248
Choulex,Route de Mon-Idée,114,,1244
Bernex,Rue de Bernex,228,,1233
Choulex,Route de Choulex,190,,1244
Collex-Bossy,Route de Collex,269,,1239
Vandoeuvres,Chemin des Hauts-Crêts,124,,1253
Chêne-Bougeries,Route de Malagnou,158,B,1224
Collonge-Bellerive,Route de Thonon,129,,1222
Collonge-Bellerive,Route de Thonon,102,,1222
Collonge-Bellerive,Route d' Hermance,189,,1245
Presinge,Route de Juvigny,120,,1254
Thônex,Chemin de la Mousse,103,,1226
Bernex,Route de Lully,123,,1233
Plan-les-Ouates,Route de Saint-Julien,152,,1228
Choulex,Route de Choulex,133,B,1244
Plan-les-Ouates,Route de Saconnex-d'Arve,287,,1228
Hermance,Route d' Hermance,527,,1248
Veyrier,Chemin des Marais,152,,1255
Perly-Certoux,Route de Saint-Julien,265,E,1258
Vernier,Route de Vernier,221,,1214
Gy,Route de Gy,120,,1251
Hermance,Route d' Hermance,463,,1248
Thônex,Avenue de Thônex,105,,1226
Gy,Route de Gy,156,,1251
Bernex,Route de Lully,115,,1233
Plan-les-Ouates,Chemin des Verjus,115,A,1228
Plan-les-Ouates,Route de Saint-Julien,185,,1228
Collex-Bossy,Route de Collex,172,,1239
Anières,Route d' Hermance,373,C,1247
Hermance,Route d' Hermance,542,,1248
Genève-Petit-Saconnex,Rue de Lausanne,141,,1202
Thônex,Chemin de la Mousse,111,,1226
Thônex,Chemin du Petit-Bel-Air,113,,1226
Satigny,Route du Mandement,133,,1242
Collonge-Bellerive,Route d' Hermance,113,,1245
Russin,Route du Mandement,350,,1281
Corsier GE,Route de Thonon,250,,1246
Bernex,Route de Lully,109,,1233
Plan-les-Ouates,Route de Saconnex-d'Arve,158,,1228
Genthod,Route de Lausanne,358,,1294
Plan-les-Ouates,Route de Saconnex-d'Arve,203,,1228
Collex-Bossy,Route de Vireloup,110,,1239
Genthod,Route de Lausanne,340,,1293
Plan-les-Ouates,Chemin des Verjus,103,,1228
Veyrier,Route de Veyrier,148,L,1234
Collex-Bossy,Route de Collex,169,,1239
Gy,Route de Bellebouche,117,,1251
Plan-les-Ouates,Chemin des Verjus,113,A,1228
Plan-les-Ouates,Route de Saint-Julien,137,,1228
Chêne-Bougeries,Route de Florissant,130,,1231
Hermance,Route de Chevrens,239,,1248
Plan-les-Ouates,Route de Saconnex-d'Arve,275,,1228
Cartigny,Route du Moulin-de-la-Ratte,124,B,1236
Plan-les-Ouates,Route de Saconnex-d'Arve,106,A,1228
Collex-Bossy,Route de Collex,178,,1239
Cologny,Route de La-Capite,111,,1223
Corsier GE,Route de Thonon,255,A,1246
Puplinge,Rue de Graman,100,,1241
Collonge-Bellerive,Route de La-Capite,153,,1222
Chêne-Bougeries,Route de Florissant,119,,1231
Gy,Route de Gy,173,,1251
Bernex,Rue de Bernex,411,,1233
Hermance,Route de Chevrens,246,,1248
Anières,Route d' Hermance,286,A,1247
Russin,Route du Mandement,357,,1281
Onex,Route du Grand-Lancy,143,,1213
Puplinge,Rue de Graman,101,A,1241
Jussy,Route de Presinge,150,,1254
Corsier GE,Route de Thonon,270,,1246
Collonge-Bellerive,Route d' Hermance,117,,1245
Bernex,Rue de Bernex,224,,1233
Bernex,Rue de Bernex,283,,1233
Anières,Route de Thonon,345,,1247
Collonge-Bellerive,Route de La-Capite,147,,1222
Hermance,Route d' Hermance,461,,1248
Dardagny,Route de La-Plaine,124,,1283
Satigny,Route d' Aire-la-Ville,119,,1242
Perly-Certoux,Route de Saint-Julien,263,,1258
Versoix,Route de l' Etraz,128,,1290
Anières,Route d' Hermance,379,,1247
Corsier GE,Route d' Hermance,225,G,1246
Chêne-Bourg,Route de Malagnou,265,,1225
Chêne-Bougeries,Route de Chêne,108,,1224
Bellevue,Chemin de la Chênaie,137,,1293
Collonge-Bellerive,Route d' Hermance,123,,1245
Plan-les-Ouates,Route de Saconnex-d'Arve,201,,1228
Veyrier,Chemin de Chantefleur,103,,1234
Versoix,Route de Sauverny,201,,1290
Choulex,Route de Choulex,131,,1244
Veyrier,Route de Veyrier,166,,1234
Bellevue,Route de Lausanne,288,,1293
Versoix,Route de l' Etraz,151,,1290
Russin,Route du Mandement,347,,1281
Satigny,Route d' Aire-la-Ville,215,,1242
Vernier,Route de Vernier,181,,1214
Plan-les-Ouates,Route de Saconnex-d'Arve,266,,1228
Chancy,Route de Bellegarde,115,,1284
Chêne-Bougeries,Route de Florissant,162,,1231
Chêne-Bougeries,Route de Florissant,133,,1231
Corsier GE,Route de Thonon,271,,1246
Vandoeuvres,Route de Mon-Idée,144,,1253
Bernex,Rue de Bernex,198,,1233
Genthod,Route de Lausanne,351,,1293
Chancy,Route de Bellegarde,121,,1284
Genève-Petit-Saconnex,Avenue d' Aïre,122,,1203
Hermance,Route de Chevrens,272,,1248
Jussy,Route de Bellebouche,156,,1254
Presinge,Route de Jussy,205,,1243
Anières,Route de Thonon,340,,1247
Satigny,Route du Mandement,125,,1242
Chêne-Bougeries,Chemin De-LA-MONTAGNE,108,,1224
Collex-Bossy,Route du Bois-des-Iles,109,,1290
Lancy,Route du Grand-Lancy,112,Q,1212
Genève-Petit-Saconnex,Rue de Lausanne,145,,1202
Versoix,Route des Fayards,197,,1290
Anières,Route d' Hermance,284,,1247
Plan-les-Ouates,Route de Saconnex-d'Arve,167,,1228
Chêne-Bougeries,Route de Chêne,131,,1224
Collonge-Bellerive,Route de La-Capite,185,A,1222
Bernex,Rue de Bernex,292,B,1233
Cologny,Route de La-Capite,101,,1223
Onex,Route du Grand-Lancy,177,,1213
Vernier,Route de Meyrin,181,G,1214
Veyrier,Chemin des Marais,161,E,1255
Corsier GE,Route d' Hermance,221,,1246
Bellevue,Route de Lausanne,318,,1293
Onex,Route de Chancy,158,,1213
Choulex,Route de Choulex,133,G,1244
Chêne-Bougeries,Route de Malagnou,172,A,1224
Russin,Route du Mandement,330,,1281
Bernex,Rue de Bernex,325,,1233
Perly-Certoux,Route de Saint-Julien,291,D,1258
Collex-Bossy,Route de Collex,209,,1239
Soral,Route de Soral,306,,1286
Meyrin,Route de Meyrin,375,,1217
Genève-Petit-Saconnex,Rue de Lyon,101,,1203
Collonge-Bellerive,Route d' Hermance,189,A,1245
Plan-les-Ouates,Route de Saint-Julien,160,,1228
Collonge-Bellerive,Route de La-Capite,183,,1222
Gy,Route de Gy,132,,1251
Dardagny,Route du Mandement,466,,1283
Plan-les-Ouates,Route de Saint-Julien,102,B,1228
Vandoeuvres,Route de Mon-Idée,179,,1253
Bernex,Rue de Bernex,200,,1233
Bernex,Rue de Bernex,353,,1233
Collex-Bossy,Route de Collex,157,,1239
Bernex,Route de Lully,141,,1233
Satigny,Route du Mandement,213,,1242
Vandoeuvres,Chemin des Hauts-Crêts,102,,1253
Collonge-Bellerive,Route de La-Capite,177,F,1222
Chêne-Bougeries,Route de Malagnou,195,,1224
Chêne-Bougeries,Route de Florissant,188,A,1231
Genève-Petit-Saconnex,Rue de Lyon,114,B,1203
Vandoeuvres,Route de La-Capite,124,,1253
Bernex,Rue de Bernex,269,,1233
Chêne-Bougeries,Route de Malagnou,193,,1224
Satigny,Route du Mandement,155,,1242
Dardagny,Route du Mandement,438,,1283
Hermance,Route de Chevrens,245,,1248
Onex,Chemin des Verjus,116,,1212
Chêne-Bougeries,Route de Malagnou,158,E,1224
Troinex,Route des Tournettes,120,,1256
Versoix,Route de Suisse,190,,1290
Vandoeuvres,Chemin des Princes,126,,1253
Bellevue,Route de Lausanne,312,,1293
Veyrier,Route de Veyrier,282,,1255
Choulex,Route de Choulex,110,,1244
Onex,Chemin François- CHAVAZ,111,,1213
Versoix,Route de Suisse,103,A,1290
Genève-Petit-Saconnex,Rue de Lausanne,125,,1202
Collonge-Bellerive,Route d' Hermance,137,,1245
Collonge-Bellerive,Route d' Hermance,145,A,1245
Genève-Eaux-Vives,Rue des Eaux-Vives,106,,1207
Collonge-Bellerive,Route d' Hermance,201,A,1245
Carouge,Route de Veyrier,100,,1227
Bardonnex,Route d' Annecy,261,B,1257
Bernex,Rue de Bernex,290,,1233
Bardonnex,Route de Cugny,101,,1257
Veyrier,Route du Pas-de-l'Echelle,102,B,1255
Gy,Route de Gy,144,,1251
Collonge-Bellerive,Route de Thonon,114,,1222
Hermance,Route d' Hermance,481,C,1248
Vernier,Route de Meyrin,181,F,1214
Satigny,Route du Mandement,237,,1242
Corsier GE,Route de Thonon,223,,1246
Hermance,Route d' Hermance,417,,1248
Onex,Route du Grand-Lancy,200,,1213
Collonge-Bellerive,Route de Thonon,133,,1222
Jussy,Route de Jussy,323,,1254
Anières,Route d' Hermance,401,,1247
Bardonnex,Route de Bardonnex,245,,1257
Chêne-Bougeries,Chemin De-LA-MONTAGNE,154,,1224
Bernex,Rue de Bernex,337,,1233
Presinge,Route de Juvigny,100,,1243
Bernex,Chemin des Curiades,129,,1233
Bardonnex,Route de Bardonnex,244,,1257
Bernex,Route de Soral,124,C,1233
Thônex,Chemin de la Mousse,113,,1226
Genève-Eaux-Vives,Route de Florissant,106,,1206
Plan-les-Ouates,Route d' Annecy,104,,1256
Anières,Route d' Hermance,284,A,1247
Anières,Route d' Hermance,279,,1247
Veyrier,Route de Veyrier,240,,1255
Anières,Route d' Hermance,322,,1247
Plan-les-Ouates,Route de Saconnex-d'Arve,243,,1228
Veyrier,Route de Veyrier,259,,1255
Hermance,Route d' Hermance,429,A,1248
Russin,Route du Mandement,359,,1281
Satigny,Route du Mandement,132,,1242
Hermance,Route d' Hermance,488,B,1248
Genève-Eaux-Vives,Route de Florissant,104,,1206
Corsier GE,Route d' Hermance,241,E,1246
Bernex,Route de Soral,132,,1233
Hermance,Route d' Hermance,481,A,1248
Bernex,Rue de Bernex,407,,1233
Vernier,Route de Meyrin,181,B,1214
Thônex,Chemin de la Mousse,103,C,1226
Thônex,Chemin du Petit-Bel-Air,131,,1226
Plan-les-Ouates,Route de Saint-Julien,148,,1228
Bernex,Rue de Bernex,276,B,1233
Genève-Petit-Saconnex,Avenue d' Aïre,117,,1203
Bardonnex,Route d' Annecy,233,,1257
Perly-Certoux,Route de Saint-Julien,296,,1258
Plan-les-Ouates,Route de Saint-Julien,119,,1228
Chêne-Bougeries,Route de Malagnou,147,,1224
Genève-Petit-Saconnex,Rue de Lausanne,121,,1202
Veyrier,Chemin des Rasses,102,,1255
Corsier GE,Route d' Hermance,210,,1246
Plan-les-Ouates,Route de Saconnex-d'Arve,245,,1228
Russin,Route du Mandement,333,,1281
Vernier,Route de Meyrin,181,C,1214
Perly-Certoux,Route de Saint-Julien,264,,1258
Genthod,Route de Lausanne,382,,1294
Meyrin,Avenue de Mategnin,109,B,1217
Veyrier,Route du Pas-de-l'Echelle,102,,1255
Hermance,Route de Chevrens,255,,1248
Anières,Route d' Hermance,385,,1247
Plan-les-Ouates,Route de Saconnex-d'Arve,247,,1228
Veyrier,Chemin des Marais,127,,1255
Versoix,Route de Suisse,154,,1290
Hermance,Route d' Hermance,512,,1248
Bernex,Rue de Bernex,294,,1233
Versoix,Route de Sauverny,223,,1290
Vernier,Route de Vernier,108,D,1219
Soral,Route de Rougemont,106,,1286
Pregny-Chambésy,Route de Lausanne,268,,1292
Pregny-Chambésy,Route de Lausanne,230,,1292
Perly-Certoux,Route de Saint-Julien,290,,1258
Grand-Saconnex,Route de Ferney,169,,1218
Plan-les-Ouates,Route de Saconnex-d'Arve,111,,1228
Bernex,Rue de Bernex,287,,1233
Confignon,Rue de Bernex,229,,1232
Hermance,Route d' Hermance,476,B,1248
Perly-Certoux,Route de Certoux,164,,1258
Plan-les-Ouates,Route de Saconnex-d'Arve,260,A,1228
Satigny,Route de Montfleury,102,,1214
Bernex,Chemin des Curiades,139,,1233
Chêne-Bougeries,Route de Florissant,182,,1231
Collonge-Bellerive,Route d' Hermance,118,,1245
Bernex,Rue de Bernex,260,,1233
Versoix,Route des Fayards,280,,1290
Bardonnex,Route d' Annecy,213,D,1257
Veyrier,Route de Veyrier,224,,1255
Vandoeuvres,Route de La-Capite,140,,1253
Bellevue,Chemin de la Chênaie,145,B,1293
Collonge-Bellerive,Route d' Hermance,203,A,1245
Bernex,Chemin de Saule,132,,1233
Confignon,Route de Chancy,211,,1232
Anières,Route d' Hermance,387,,1247
Corsier GE,Route d' Hermance,243,D,1246
Bernex,Rue de Bernex,413,,1233
Lancy,Route du Grand-Lancy,112,N,1212
Hermance,Route d' Hermance,429,,1248
Meyrin,Route de Meyrin,283,,1217
Anières,Route de Chevrens,134,A,1247
Bernex,Route de Soral,122,,1233
Veyrier,Chemin des Marais,161,H,1255
Dardagny,Route de La-Plaine,101,,1283
Plan-les-Ouates,Route d' Annecy,104,C,1256
Russin,Route du Mandement,313,,1281
Gy,Route de Bellebouche,103,,1251
Plan-les-Ouates,Route de Saconnex-d'Arve,299,,1257
Veyrier,Route de Veyrier,200,J,1234
Genthod,Route de Valavran,100,,1294
Veyrier,Route de Veyrier,180,D,1234
Hermance,Route d' Hermance,481,B,1248
Genève-Petit-Saconnex,Avenue d' Aïre,107,,1203
Chêne-Bougeries,Route de Florissant,173,,1231
Choulex,Route de La-Capite,184,,1244
Hermance,Route d' Hermance,511,,1248
Choulex,Route de Choulex,124,,1244
Corsier GE,Route d' Hermance,229,B,1246
Veyrier,Route de Veyrier,239,,1255
Perly-Certoux,Route de Certoux,148,,1258
Grand-Saconnex,Route de Ferney,149,C,1218
Anières,Route de Chevrens,121,,1247
Thônex,Rue de Genève,134,,1226
Meinier,Route de Choulex,220,,1244
Bernex,Route de Soral,160,,1233
Veyrier,Route de Veyrier,200,B,1234
Anières,Route de Chevrens,113,,1247
Perly-Certoux,Route de Saint-Julien,280,,1258
Veyrier,Route de Veyrier,274,,1255
Vandoeuvres,Route de Mon-Idée,183,,1253
Collex-Bossy,Route de Collex,270,,1239
Collonge-Bellerive,Route de Thonon,111,,1222
Jussy,Route de Bellebouche,154,,1254
Anières,Route d' Hermance,357,,1247
Bellevue,Chemin de la Chênaie,115,,1293
Veyrier,Route de Veyrier,214,,1255
Veyrier,Route du Pas-de-l'Echelle,112,A,1255
Genthod,Route de Lausanne,384,,1294
Vernier,Route d' Aïre,187,,1219
Bernex,Promenade de l' Aire,138,,1233
Choulex,Route de Choulex,144,,1244
Collonge-Bellerive,Route d' Hermance,164,,1245
Thônex,Rue de Genève,125,A,1226
Hermance,Route d' Hermance,478,C,1248
Meyrin,Chemin du Vieux-Bureau,117,,1217
Onex,Route de Chancy,147,,1213
Confignon,Rue de Bernex,217,,1232
Grand-Saconnex,Route de Ferney,207,,1218
Bellevue,Chemin des Mollies,110,,1293
Genève-Petit-Saconnex,Rue de Lyon,112,,1203
Veyrier,Route du Pas-de-l'Echelle,107,,1255
Collex-Bossy,Route de Collex,170,,1239
Céligny,Route des Coudres,205,,1298
Hermance,Route de Chevrens,260,,1248
Vernier,Route d' Aïre,170,,1219
Veyrier,Chemin des Marais,149,,1255
Cartigny,Route du Moulin-de-la-Ratte,116,A,1236
Plan-les-Ouates,Chemin de la Mère-Voie,109,,1228
Bellevue,Route de Lausanne,302,,1293
Onex,Route du Grand-Lancy,148,B,1213
Collonge-Bellerive,Chemin de Saint-Maurice,103,BIS,1245
Collonge-Bellerive,Route de Thonon,118,,1222
Confignon,Route de Chancy,191,A,1232
Meyrin,Route de Meyrin,301,,1217
Chêne-Bougeries,Route de Malagnou,170,A,1224
Bardonnex,Route d' Annecy,275,,1257
Chêne-Bougeries,Route de Malagnou,111,,1224
Perly-Certoux,Route de Saint-Julien,289,B,1258
Versoix,Route des Fayards,280,,1290
Hermance,Route d' Hermance,433,,1248
Genthod,Route de Lausanne,378,,1294
Chêne-Bougeries,Route de Malagnou,172,B,1224
Plan-les-Ouates,Route de Saint-Julien,190,,1228
Genthod,Route de Lausanne,346,,1293
Chêne-Bougeries,Route de Florissant,158,,1231
Vandoeuvres,Route de La-Capite,118,B,1253
Chêne-Bougeries,Route de Florissant,119,D,1231
Bernex,Route de Lully,119,BIS,1233
Onex,Route du Grand-Lancy,146,B,1213
Lancy,Route du Grand-Lancy,112,I,1212
Hermance,Route d' Hermance,488,,1248
Plan-les-Ouates,Route de Saconnex-d'Arve,248,,1228
Thônex,Rue de Genève,128,,1226
Vandoeuvres,Chemin des Hauts-Crêts,104,,1253
Anières,Route d' Hermance,305,,1247
Perly-Certoux,Route de Certoux,155,,1258
Genève-Petit-Saconnex,Rue de Lausanne,154,,1202
Bernex,Rue de Bernex,399,,1233
Plan-les-Ouates,Route de Saint-Julien,120,,1228
Hermance,Route d' Hermance,471,,1248
Gy,Route de Gy,165,A,1251
Satigny,Route de Peney,145,,1214
Vandoeuvres,Chemin des Hauts-Crêts,189,,1253
Perly-Certoux,Route de Saint-Julien,288,BIS,1258
Genève-Petit-Saconnex,Rue de Lausanne,115,,1202
Plan-les-Ouates,Route de Saint-Julien,169,,1228
Vandoeuvres,Chemin des Hauts-Crêts,191,,1253
Cartigny,Chemin du Moulin-de-Vert,198,,1236
Veyrier,Route de Vessy,107,A,1234
Anières,Route de Chevrens,160,,1247
Collonge-Bellerive,Route de La-Capite,268,,1222
Thônex,Route de Jussy,102,,1226
Genève-Petit-Saconnex,Avenue d' Aïre,113,,1203
Chêne-Bougeries,Route de Chêne,153,,1224
Grand-Saconnex,Route de Ferney,161,A,1218
Plan-les-Ouates,Route de Saint-Julien,104,,1228
Grand-Saconnex,Route de Ferney,149,I,1218
Plan-les-Ouates,Route de Saconnex-d'Arve,234,,1228
Thônex,Route de Jussy,122,,1226
Avusy,Route de Chancy,439,,1285
Perly-Certoux,Route de Saint-Julien,276,,1258
Thônex,Avenue de Thônex,107,,1226
Veyrier,Route du Pas-de-l'Echelle,100,,1255
Anières,Route d' Hermance,257,,1247
Bernex,Route de Soral,144,,1233
Hermance,Route d' Hermance,433,D,1248
Hermance,Route d' Hermance,486,E,1248
Veyrier,Route de Veyrier,263,,1255
Pregny-Chambésy,Chemin des Cornillons,102,,1292
Gy,Route de Gy,178,,1251
Bernex,Rue de Bernex,306,,1233
Vernier,Route de Meyrin,101,,1219
Presinge,Route de La-Louvière,100,,1243
Satigny,Route du Mandement,104,,1242
Versoix,Route de l' Etraz,138,,1290
Plan-les-Ouates,Route d' Annecy,114,,1256
Perly-Certoux,Route de Certoux,136,,1258
Plan-les-Ouates,Route de Saconnex-d'Arve,224,,1228
Veyrier,Route de Veyrier,210,,1255
Anières,Route de Chevrens,100,,1247
Vernier,Route d' Aïre,140,,1219
Genève-Plainpalais,Boulevard Carl- VOGT,101,,1205
Collonge-Bellerive,Route de La-Capite,149,,1222
Plan-les-Ouates,Route de Saint-Julien,165,,1228
Bernex,Chemin de Saule,109,,1233
Bellevue,Chemin des Mollies,122,,1293
Meyrin,Route de Meyrin,261,,1217
Chêne-Bougeries,Route de Malagnou,207,,1224
Corsier GE,Route d' Hermance,218,,1246
Onex,Route du Grand-Lancy,150,,1213
Perly-Certoux,Route de Saint-Julien,292,,1258
Genève-Petit-Saconnex,Avenue d' Aïre,128,,1203
Genève-Petit-Saconnex,Rue de Lausanne,192,,1202
Collonge-Bellerive,Chemin de Saint-Maurice,103,,1245
Collonge-Bellerive,Chemin du Petray,109,,1222
Collex-Bossy,Route de Vireloup,102,,1239
Lancy,Route du Grand-Lancy,100,BIS,1212
Thônex,Chemin de la Mousse,117,,1226
Anières,Route d' Hermance,407,,1247
Veyrier,Chemin des Marais,121,,1255
Genthod,Route de Lausanne,380,,1294
Perly-Certoux,Route de Saint-Julien,288,,1258
Hermance,Route de Chevrens,268,,1248
Thônex,Route de Jussy,110,,1226
Corsier GE,Route d' Hermance,223,BIS,1246
Thônex,Rue de Genève,111,,1226
Bernex,Rue de Bernex,357,,1233
Perly-Certoux,Route de Saint-Julien,289,A,1258
Vandoeuvres,Route de La-Capite,120,,1253
Genève-Petit-Saconnex,Rue de Lausanne,107,,1202
Bernex,Rue de Bernex,328,,1233
Chêne-Bougeries,Route de Malagnou,209,,1224
Dardagny,Route du Mandement,498,,1283
Versoix,Route de l' Etraz,186,,1290
Bellevue,Chemin de la Chênaie,145,,1293
Lancy,Route du Grand-Lancy,124,A,1212
Onex,Route de Chancy,151,,1213
Lancy,Rue des Bossons,102,,1213
Collonge-Bellerive,Route de La-Capite,143,,1222
Soral,Route de Soral,311,,1286
Versoix,Route de Suisse,143,,1290
Jussy,Route de Jussy,340,,1254
Vernier,Route d' Aïre,145,,1219
Plan-les-Ouates,Route de Saint-Julien,151,,1228
Genève-Petit-Saconnex,Avenue d' Aïre,126,,1203
Bellevue,Route de Lausanne,328,,1293
Confignon,Route de Chancy,189,B,1232
Bellevue,Route de Lausanne,292,,1293
Corsier GE,Route de Thonon,259,B,1246
Chêne-Bougeries,Route de Florissant,109,,1231
Bellevue,Route de Lausanne,288,A,1293
Chêne-Bougeries,Route de Malagnou,157,A,1224
Bardonnex,Route d' Annecy,122,,1257
Bardonnex,Route de Bardonnex,259,,1257
Thônex,Rue de Genève,152,,1226
Pregny-Chambésy,Chemin des Cornillons,104,,1292
Bernex,Rue de Bernex,300,,1233
Gy,Route de Gy,170,,1251
Grand-Saconnex,Route de Ferney,183,,1218
Plan-les-Ouates,Route de Saconnex-d'Arve,256,,1228
Onex,Route du Grand-Lancy,123,,1212
Jussy,Route de Jussy,334,,1254
Bernex,Promenade de l' Aire,112,,1233
Choulex,Chemin des Princes,141,,1244
Chêne-Bougeries,Route de Malagnou,158,A,1224
Plan-les-Ouates,Route de Saconnex-d'Arve,249,,1228
Bernex,Chemin de Saule,104,,1233
Thônex,Rue de Genève,121,,1226
Grand-Saconnex,Route de Ferney,149,A,1218
Corsier GE,Route d' Hermance,243,G,1246
Bardonnex,Route d' Annecy,200,,1257
Collonge-Bellerive,Route de Thonon,124,A,1222
Veyrier,Route de Veyrier,231,,1255
Versoix,Route de Suisse,192,,1290
Plan-les-Ouates,Route de Saint-Julien,165,C,1228
Vandoeuvres,Route de La-Capite,152,A,1253
Genève-Petit-Saconnex,Rue de Lausanne,139,,1202
Bellevue,Chemin des Mollies,118,,1293
Thônex,Chemin du Petit-Bel-Air,119,,1226
Confignon,Route de Chancy,177,,1232
Dardagny,Route du Mandement,555,,1283
Thônex,Chemin de la Mousse,131,,1226
Avusy,Route des Allues,100,,1285
Veyrier,Chemin des Marais,161,B,1255
Onex,Route de Chancy,102,,1213
Bernex,Rue de Bernex,350,,1233
Veyrier,Route de Veyrier,150,,1234
Onex,Chemin François- CHAVAZ,110,,1213
Genève-Petit-Saconnex,Rue de Lyon,116,,1203
Bernex,Rue de Bernex,311,,1233
Satigny,Route d' Aire-la-Ville,205,,1242
Veyrier,Route de Veyrier,238,,1255
Corsier GE,Route d' Hermance,222,B,1246
Veyrier,Route de Veyrier,200,A,1234
Anières,Route d' Hermance,344,,1247
Bernex,Rue de Bernex,240,,1233
Hermance,Route de Chevrens,252,,1248
Satigny,Route d' Aire-la-Ville,153,,1242
Satigny,Route du Mandement,223,,1242
Onex,Route du Grand-Lancy,175,,1213
Satigny,Route d' Aire-la-Ville,227,,1242
Grand-Saconnex,Route de Ferney,149,B,1218
Choulex,Route de Choulex,106,,1244
Satigny,Route d' Aire-la-Ville,210,,1242
Jussy,Route de Jussy,330,,1254
Grand-Saconnex,Route de Ferney,150,,1218
Vernier,Route d' Aïre,147,,1219
Versoix,Route de Suisse,160,,1290
Bardonnex,Route de Bardonnex,205,,1257
Plan-les-Ouates,Route de Saint-Julien,138,,1228
Vandoeuvres,Chemin des Hauts-Crêts,191,TER,1253
Céligny,Route de Suisse,304,,1298
Lancy,Route du Grand-Lancy,100,,1212
Vandoeuvres,Route de La-Capite,122,,1253
Bernex,Rue de Bernex,385,,1233
Anières,Route d' Hermance,320,,1247
Genthod,Route de Valavran,102,,1294
Onex,Route du Grand-Lancy,163,,1213
Gy,Route de Gy,121,,1251
Satigny,Route du Mandement,247,,1242
Chêne-Bougeries,Route de Florissant,128,B,1231
Meyrin,Route de Meyrin,313,,1217
Collonge-Bellerive,Route de Thonon,138,,1222
Bernex,Rue de Bernex,298,,1233
Anières,Route d' Hermance,405,,1247
Choulex,Route de Choulex,145,,1244
Bardonnex,Route d' Annecy,267,,1257
Onex,Route du Grand-Lancy,147,,1213
Hermance,Route d' Hermance,516,,1248
Bardonnex,Route de Bardonnex,235,A,1257
Russin,Route du Mandement,338,,1281
Plan-les-Ouates,Route d' Annecy,100,E,1256
Bardonnex,Route d' Annecy,241,,1257
Satigny,Route du Mandement,167,,1242
Chêne-Bougeries,Route de Malagnou,237,,1224
Plan-les-Ouates,Route de Saconnex-d'Arve,124,,1228
Vandoeuvres,Route de Mon-Idée,161,,1253
Plan-les-Ouates,Route de Saint-Julien,124,A,1228
Lancy,Route du Grand-Lancy,112,E,1212
Chêne-Bougeries,Route de Chêne,102,,1224
Versoix,Route de l' Etraz,200,,1290
Gy,Route de Gy,113,,1251
Veyrier,Route du Pas-de-l'Echelle,113,,1255
Bernex,Rue de Bernex,257,,1233
Cologny,Chemin de Ruth,100,,1223
Gy,Route de Gy,103,,1251
Vandoeuvres,Chemin des Hauts-Crêts,138,,1253
Veyrier,Route de Veyrier,172,A,1234
Corsier GE,Route d' Hermance,241,A,1246
Hermance,Route d' Hermance,421,,1248
Meyrin,Route de Meyrin,297,,1217
Chêne-Bougeries,Route de Malagnou,152,,1224
Satigny,Route de Peney,141,A,1214
Satigny,Route du Mandement,249,,1242
Plan-les-Ouates,Route de Saint-Julien,177,,1228
Bernex,Rue de Bernex,262,,1233
Onex,Route du Grand-Lancy,148,C,1213
Veyrier,Route de Veyrier,224,D,1255
Versoix,Route de l' Etraz,140,,1290
Bellevue,Route de Lausanne,306,,1293
Hermance,Route de Chevrens,264,,1248
Meyrin,Route de Meyrin,390,,1217
Versoix,Route de Sauverny,210,,1290
Lancy,Route du Grand-Lancy,130,,1212
Plan-les-Ouates,Route de Saconnex-d'Arve,117,,1228
Anières,Route d' Hermance,307,,1247
Céligny,Route de Suisse,360,,1298
Bardonnex,Route d' Annecy,223,,1257
Versoix,Route de Suisse,102,A,1290
Chêne-Bougeries,Chemin De-LA-MONTAGNE,148,,1224
Collonge-Bellerive,Route d' Hermance,155,B,1245
Chêne-Bougeries,Route de Malagnou,172,,1224
Genève-Petit-Saconnex,Rue de Lausanne,135,,1202
Veyrier,Chemin des Bûcherons,108,,1234
Jussy,Route de Bellebouche,160,,1254
Meyrin,Avenue de Mategnin,113,,1217
Choulex,Route de Choulex,141,A,1244
Bardonnex,Route des Hospitaliers,109,,1257
Plan-les-Ouates,Route de Saint-Julien,118,,1228
Jussy,Route de Jussy,321,,1254
Collonge-Bellerive,Route de Thonon,120,,1222
Perly-Certoux,Route de Saint-Julien,263,B,1258
Bardonnex,Route des Hospitaliers,113,,1257
Satigny,Route du Mandement,143,,1242
Bernex,Chemin des Curiades,105,,1233
Choulex,Route de Choulex,140,,1244
Meinier,Route de Meinier,161,,1252
Choulex,Route de Choulex,159,,1244
Vernier,Route de Vernier,102,,1219
Chêne-Bougeries,Route de Chêne,135,,1224
Dardagny,Route du Mandement,430,,1283
Chêne-Bougeries,Route de Malagnou,102,,1224
Bardonnex,Route de Bardonnex,206,,1257
Plan-les-Ouates,Route de Saconnex-d'Arve,135,,1228
Jussy,Route de Jussy,311,,1254
Bernex,Route de Soral,115,A,1233
Genève-Plainpalais,Rue de Carouge,108,A,1205
Onex,Route du Grand-Lancy,129,A,1213
Bardonnex,Route d' Annecy,239,,1257
Lancy,Route du Grand-Lancy,104,,1212
Plan-les-Ouates,Route de Saint-Julien,101,,1228
Jussy,Route de Monniaz,109,,1254
Plan-les-Ouates,Route de Saconnex-d'Arve,104,B,1228
Confignon,Route de Chancy,183,,1232
Bardonnex,Route d' Annecy,279,,1257
Pregny-Chambésy,Route de Lausanne,216,,1292
Plan-les-Ouates,Route de Saint-Julien,197,,1228
Veyrier,Chemin des Marais,157,,1255
Versoix,Route des Fayards,191,,1290
Bellevue,Chemin des Mollies,134,,1293
Onex,Route du Grand-Lancy,189,,1213
Collonge-Bellerive,Route de Thonon,201,,1222
Bernex,Chemin des Curiades,113,,1233
Dardagny,Route du Mandement,441,,1283
Hermance,Route d' Hermance,457,,1248
Choulex,Route de Choulex,135,,1244
Choulex,Route de Choulex,161,,1244
Vandoeuvres,Route de La-Capite,114,,1253
Gy,Route de Gy,160,,1251
Lancy,Route des Jeunes,105,,1227
Onex,Route de Chancy,152,,1213
Avully,Route de Chancy,402,,1237
Genève-Eaux-Vives,Route de Florissant,118,,1206
Cartigny,Route du Moulin-de-la-Ratte,116,,1236
Hermance,Route d' Hermance,433,C,1248
Collonge-Bellerive,Route d' Hermance,121,,1245
Meyrin,Route de Meyrin,287,,1217
Hermance,Route de Chevrens,241,,1248
Chêne-Bougeries,Chemin De-LA-MONTAGNE,138,B,1224
Collex-Bossy,Route de Collex,187,,1239
Bellevue,Route de Lausanne,317,A,1293
Onex,Route de Chancy,150,,1213
Anières,Route d' Hermance,293,BIS,1247
Confignon,Route de Chancy,193,C,1232
Dardagny,Route du Mandement,551,,1283
Hermance,Route de Chevrens,278,,1248
Choulex,Route de Choulex,112,,1244
Versoix,Route des Fayards,249,,1290
Anières,Route d' Hermance,276,A,1247
Bellevue,Chemin des Mollies,104,,1293
Veyrier,Route de Veyrier,198,,1234
Céligny,Route de Suisse,330,,1298
Vandoeuvres,Route de La-Capite,128,,1253
Plan-les-Ouates,Route de Saint-Julien,188,,1228
Plan-les-Ouates,Route de Saconnex-d'Arve,165,,1228
Anières,Route de Veigy,125,,1251
Meyrin,Avenue de Mategnin,103,A,1217
Dardagny,Route de La-Plaine,107,,1283
Choulex,Route de Choulex,149,,1244
Confignon,Route de Chancy,209,,1232
Chêne-Bougeries,Route de Malagnou,191,,1224
Perly-Certoux,Route de Saint-Julien,299,A,1258
Collonge-Bellerive,Route de La-Capite,177,C,1222
Versoix,Route des Fayards,254,,1290
Chêne-Bougeries,Route de Florissant,179,,1231
Versoix,Route de l' Etraz,202,,1290
Versoix,Route de l' Etraz,201,,1290
Corsier GE,Route d' Hermance,229,C,1246
Vernier,Route d' Aïre,169,,1219
Vernier,Route de Canada,108,,1214
Bardonnex,Route d' Annecy,229,,1257
Collonge-Bellerive,Route d' Hermance,187,,1245
Plan-les-Ouates,Route de Saint-Julien,191,,1228
Vandoeuvres,Chemin des Hauts-Crêts,100,,1253
Vandoeuvres,Route de Mon-Idée,151,,1253
Bernex,Rue de Bernex,302,,1233
Satigny,Route d' Aire-la-Ville,232,,1242
Plan-les-Ouates,Chemin du Clos,103,,1228
Chêne-Bougeries,Route de Malagnou,149,,1224
Veyrier,Chemin des Marais,141,,1255
Hermance,Route de Chevrens,243,A,1248
Plan-les-Ouates,Route de Saconnex-d'Arve,238,A,1228
Chêne-Bougeries,Route de Chêne,124,A,1224
Veyrier,Route de Veyrier,208,,1255
Hermance,Route d' Hermance,486,B,1248
Plan-les-Ouates,Route de Saconnex-d'Arve,250,,1228
Onex,Route de Chancy,124,,1213
Versoix,Route de Suisse,102,,1290
Satigny,Route d' Aire-la-Ville,211,,1242
Bellevue,Chemin de la Chênaie,127,,1293
Jussy,Route de Jussy,230,,1254
Dardagny,Route de Malval,121,,1283
Plan-les-Ouates,Chemin du Pont-du-Centenaire,134,,1228
Hermance,Route d' Hermance,486,C,1248
Genthod,Route de Lausanne,376,,1294
Choulex,Route de Choulex,164,,1244
Collonge-Bellerive,Route de La-Capite,175,G,1222
Plan-les-Ouates,Route de Saint-Julien,133,,1228
Hermance,Route d' Hermance,481,,1248
Plan-les-Ouates,Route de Saconnex-d'Arve,123,,1228
Bernex,Chemin des Curiades,103,,1233
Onex,Route de Chancy,171,E,1213
Bernex,Rue de Bernex,382,,1233
Bardonnex,Route d' Annecy,221,BIS,1257
Lancy,Route du Grand-Lancy,106,,1212
Bardonnex,Route d' Annecy,281,,1257
Anières,Route d' Hermance,283,,1247
Collex-Bossy,Route de Collex,167,,1239
Satigny,Route du Mandement,241,,1242
Thônex,Route de Malagnou,200,,1226
Grand-Saconnex,Route de Ferney,222,,1218
Satigny,Route du Mandement,191,,1242
Satigny,Route du Mandement,245,,1242
Perly-Certoux,Route de Saint-Julien,301,,1258
Bernex,Chemin de Saule,106,,1233
Chêne-Bougeries,Route de Florissant,107,,1231
Perly-Certoux,Route de Certoux,162,,1258
Bernex,Route de Lully,119,TER,1233
Meinier,Route de Meinier,136,,1252
Veyrier,Chemin des Marais,159,,1255
Chêne-Bougeries,Route de Chêne,100,BIS,1224
Perly-Certoux,Route de Saint-Julien,302,,1258
Veyrier,Route de Veyrier,136,,1234
Bardonnex,Route d' Annecy,213,B,1257
Bardonnex,Route des Hospitaliers,112,,1257
Perly-Certoux,Route de Saint-Julien,287,,1258
Plan-les-Ouates,Chemin du Pont-du-Centenaire,124,,1228
Chêne-Bougeries,Route de Malagnou,158,D,1224
Veyrier,Route des Tournettes,100,,1255
Vandoeuvres,Route de Mon-Idée,159,,1253
Anières,Route de Veigy,121,,1247
Versoix,Route de Suisse,178,,1290
Chêne-Bougeries,Route de Florissant,174,,1231
Bernex,Rue de Bernex,220,,1233
Vandoeuvres,Chemin des Hauts-Crêts,195,,1253
Vernier,Route d' Aïre,141,,1219
Meyrin,Route de Meyrin,263,,1217
Collonge-Bellerive,Route de Thonon,219,,1246
Dardagny,Route du Mandement,520,,1283
Chêne-Bougeries,Route de Florissant,216,,1231
Collonge-Bellerive,Route de La-Capite,203,,1222
Vernier,Route de Vernier,194,,1214
Hermance,Route d' Hermance,473,,1248
Genève-Petit-Saconnex,Rue de Lyon,114,C,1203
Bardonnex,Route d' Annecy,140,,1257
Bernex,Chemin des Curiades,149,,1233
Céligny,Route de Suisse,308,,1298
Vernier,Route de Meyrin,185,,1214
Bernex,Route de l' Aire,111,,1233
Thônex,Rue de Genève,104,,1226
Genève-Eaux-Vives,Rue du Nant,32,,1207